trial,model_type,hidden_channels,num_layers,lr,batch_size,epochs,early_stopping,dropout,val_loss
1,GIN,64,4,0.0001,8,1000,30,0.2,82.63666442871094
2,GIN,64,4,0.0001,8,1000,30,0.5,93.10747100830078
3,GAT,64,4,0.0001,8,1000,30,0.2,90.81051483154297
4,GAT,64,4,0.0001,8,1000,30,0.5,90.79752593994141
5,GIN,64,4,0.0001,16,1000,30,0.2,80.66542724609376
6,GIN,64,4,0.0001,16,1000,30,0.5,80.45248596191406
7,GAT,64,4,0.0001,16,1000,30,0.2,90.75904815673829
8,GAT,64,4,0.0001,16,1000,30,0.5,90.79894256591797
9,GIN,64,4,0.0001,32,1000,30,0.2,78.1566537475586
10,GIN,64,4,0.0001,32,1000,30,0.5,79.19083374023438
11,GAT,64,4,0.0001,32,1000,30,0.2,90.80589965820313
12,GAT,64,4,0.0001,32,1000,30,0.5,90.83175354003906
13,GIN,64,4,0.0003,8,1000,30,0.2,106.03993377685546
14,GIN,64,4,0.0003,8,1000,30,0.5,110.47961761474609
15,GAT,64,4,0.0003,8,1000,30,0.2,70.05108871459962
16,GAT,64,4,0.0003,8,1000,30,0.5,90.77964416503906
17,GIN,64,4,0.0003,16,1000,30,0.2,81.03072113037109
18,GIN,64,4,0.0003,16,1000,30,0.5,83.26042663574219
19,GAT,64,4,0.0003,16,1000,30,0.2,70.31739776611329
20,GAT,64,4,0.0003,16,1000,30,0.5,90.76163940429687
21,GIN,64,4,0.0003,32,1000,30,0.2,76.93543701171875
22,GIN,64,4,0.0003,32,1000,30,0.5,79.18680572509766
23,GAT,64,4,0.0003,32,1000,30,0.2,70.3489111328125
24,GAT,64,4,0.0003,32,1000,30,0.5,90.77582885742187
25,GIN,64,4,0.001,8,1000,30,0.2,83.17814361572266
26,GIN,64,4,0.001,8,1000,30,0.5,113.04787536621093
27,GAT,64,4,0.001,8,1000,30,0.2,70.31966201782227
28,GAT,64,4,0.001,8,1000,30,0.5,90.91558685302735
29,GIN,64,4,0.001,16,1000,30,0.2,82.03650634765626
30,GIN,64,4,0.001,16,1000,30,0.5,85.20579010009766
31,GAT,64,4,0.001,16,1000,30,0.2,90.74606018066406
32,GAT,64,4,0.001,16,1000,30,0.5,90.72994934082031
33,GIN,64,4,0.001,32,1000,30,0.2,75.82402465820313
34,GIN,64,4,0.001,32,1000,30,0.5,75.79527282714844
35,GAT,64,4,0.001,32,1000,30,0.2,70.04790679931641
36,GAT,64,4,0.001,32,1000,30,0.5,90.76540588378906
37,GIN,64,5,0.0001,8,1000,30,0.2,94.79408935546876
38,GIN,64,5,0.0001,8,1000,30,0.5,95.14776672363281
39,GAT,64,5,0.0001,8,1000,30,0.2,90.82290924072265
40,GAT,64,5,0.0001,8,1000,30,0.5,90.91510650634766
41,GIN,64,5,0.0001,16,1000,30,0.2,81.06248565673827
42,GIN,64,5,0.0001,16,1000,30,0.5,79.57692443847657
43,GAT,64,5,0.0001,16,1000,30,0.2,90.78058715820312
44,GAT,64,5,0.0001,16,1000,30,0.5,90.86903259277344
45,GIN,64,5,0.0001,32,1000,30,0.2,81.22577728271484
46,GIN,64,5,0.0001,32,1000,30,0.5,81.41493225097656
47,GAT,64,5,0.0001,32,1000,30,0.2,90.81698486328125
48,GAT,64,5,0.0001,32,1000,30,0.5,90.90054443359375
49,GIN,64,5,0.0003,8,1000,30,0.2,109.90019775390626
50,GIN,64,5,0.0003,8,1000,30,0.5,135.65997528076173
51,GAT,64,5,0.0003,8,1000,30,0.2,90.76536560058594
52,GAT,64,5,0.0003,8,1000,30,0.5,90.78344940185546
53,GIN,64,5,0.0003,16,1000,30,0.2,81.0417138671875
54,GIN,64,5,0.0003,16,1000,30,0.5,84.07952819824219
55,GAT,64,5,0.0003,16,1000,30,0.2,90.80218170166016
56,GAT,64,5,0.0003,16,1000,30,0.5,90.82824157714843
57,GIN,64,5,0.0003,32,1000,30,0.2,75.93806427001954
58,GIN,64,5,0.0003,32,1000,30,0.5,78.98359375
59,GAT,64,5,0.0003,32,1000,30,0.2,90.82402648925782
60,GAT,64,5,0.0003,32,1000,30,0.5,90.83928955078125
61,GIN,64,5,0.001,8,1000,30,0.2,112.23735290527344
62,GIN,64,5,0.001,8,1000,30,0.5,94.91420654296876
63,GAT,64,5,0.001,8,1000,30,0.2,69.48089752197265
64,GAT,64,5,0.001,8,1000,30,0.5,90.84917663574218
65,GIN,64,5,0.001,16,1000,30,0.2,87.83731079101562
66,GIN,64,5,0.001,16,1000,30,0.5,88.52662902832031
67,GAT,64,5,0.001,16,1000,30,0.2,85.41705871582032
68,GAT,64,5,0.001,16,1000,30,0.5,90.82970275878907
69,GIN,64,5,0.001,32,1000,30,0.2,76.39754638671874
70,GIN,64,5,0.001,32,1000,30,0.5,77.30529327392578
71,GAT,64,5,0.001,32,1000,30,0.2,90.83091857910156
72,GAT,64,5,0.001,32,1000,30,0.5,90.80165100097656
73,GIN,64,6,0.0001,8,1000,30,0.2,102.51494232177734
74,GIN,64,6,0.0001,8,1000,30,0.5,86.60001861572266
75,GAT,64,6,0.0001,8,1000,30,0.2,90.7929556274414
76,GAT,64,6,0.0001,8,1000,30,0.5,90.8541909790039
77,GIN,64,6,0.0001,16,1000,30,0.2,86.83988830566406
78,GIN,64,6,0.0001,16,1000,30,0.5,81.0640786743164
79,GAT,64,6,0.0001,16,1000,30,0.2,90.83352844238281
80,GAT,64,6,0.0001,16,1000,30,0.5,90.9052734375
81,GIN,64,6,0.0001,32,1000,30,0.2,83.72961853027344
82,GIN,64,6,0.0001,32,1000,30,0.5,85.70565979003906
83,GAT,64,6,0.0001,32,1000,30,0.2,90.82767974853516
84,GAT,64,6,0.0001,32,1000,30,0.5,90.84416076660156
85,GIN,64,6,0.0003,8,1000,30,0.2,90.84037658691406
86,GIN,64,6,0.0003,8,1000,30,0.5,164.38985748291014
87,GAT,64,6,0.0003,8,1000,30,0.2,90.79648864746093
88,GAT,64,6,0.0003,8,1000,30,0.5,90.84337249755859
89,GIN,64,6,0.0003,16,1000,30,0.2,82.97894226074219
90,GIN,64,6,0.0003,16,1000,30,0.5,80.45362670898437
91,GAT,64,6,0.0003,16,1000,30,0.2,90.80516448974609
92,GAT,64,6,0.0003,16,1000,30,0.5,90.85954528808594
93,GIN,64,6,0.0003,32,1000,30,0.2,78.21481842041015
94,GIN,64,6,0.0003,32,1000,30,0.5,80.15998413085937
95,GAT,64,6,0.0003,32,1000,30,0.2,90.829384765625
96,GAT,64,6,0.0003,32,1000,30,0.5,90.83897033691406
97,GIN,64,6,0.001,8,1000,30,0.2,98.60516510009765
98,GIN,64,6,0.001,8,1000,30,0.5,123.79646423339844
99,GAT,64,6,0.001,8,1000,30,0.2,90.83340057373047
100,GAT,64,6,0.001,8,1000,30,0.5,90.79928466796875
101,GIN,64,6,0.001,16,1000,30,0.2,80.75850708007812
102,GIN,64,6,0.001,16,1000,30,0.5,81.20405853271484
103,GAT,64,6,0.001,16,1000,30,0.2,90.84696472167968
104,GAT,64,6,0.001,16,1000,30,0.5,90.95361236572266
105,GIN,64,6,0.001,32,1000,30,0.2,79.1645428466797
106,GIN,64,6,0.001,32,1000,30,0.5,79.28799133300781
107,GAT,64,6,0.001,32,1000,30,0.2,90.79765930175782
108,GAT,64,6,0.001,32,1000,30,0.5,90.87052978515625
109,GIN,128,4,0.0001,8,1000,30,0.2,109.63967987060546
110,GIN,128,4,0.0001,8,1000,30,0.5,106.92484832763672
111,GAT,128,4,0.0001,8,1000,30,0.2,73.72113403320313
112,GAT,128,4,0.0001,8,1000,30,0.5,90.74830017089843
113,GIN,128,4,0.0001,16,1000,30,0.2,83.88578887939452
114,GIN,128,4,0.0001,16,1000,30,0.5,80.19429962158203
115,GAT,128,4,0.0001,16,1000,30,0.2,90.77059814453125
116,GAT,128,4,0.0001,16,1000,30,0.5,90.76785888671876
117,GIN,128,4,0.0001,32,1000,30,0.2,79.49370422363282
118,GIN,128,4,0.0001,32,1000,30,0.5,77.44845306396485
119,GAT,128,4,0.0001,32,1000,30,0.2,88.89813598632813
120,GAT,128,4,0.0001,32,1000,30,0.5,90.84343688964844
121,GIN,128,4,0.0003,8,1000,30,0.2,107.48432220458984
122,GIN,128,4,0.0003,8,1000,30,0.5,128.42481842041016
123,GAT,128,4,0.0003,8,1000,30,0.2,69.53505889892578
124,GAT,128,4,0.0003,8,1000,30,0.5,90.79858642578125
125,GIN,128,4,0.0003,16,1000,30,0.2,84.75505004882812
126,GIN,128,4,0.0003,16,1000,30,0.5,83.94354583740234
127,GAT,128,4,0.0003,16,1000,30,0.2,71.94746551513671
128,GAT,128,4,0.0003,16,1000,30,0.5,90.93420349121094
129,GIN,128,4,0.0003,32,1000,30,0.2,76.22096771240234
130,GIN,128,4,0.0003,32,1000,30,0.5,75.5644808959961
131,GAT,128,4,0.0003,32,1000,30,0.2,90.78194702148437
132,GAT,128,4,0.0003,32,1000,30,0.5,90.78260009765626
133,GIN,128,4,0.001,8,1000,30,0.2,117.8003921508789
134,GIN,128,4,0.001,8,1000,30,0.5,121.52622100830078
135,GAT,128,4,0.001,8,1000,30,0.2,70.01476211547852
136,GAT,128,4,0.001,8,1000,30,0.5,90.88750701904297
137,GIN,128,4,0.001,16,1000,30,0.2,82.55721008300782
138,GIN,128,4,0.001,16,1000,30,0.5,78.0641714477539
139,GAT,128,4,0.001,16,1000,30,0.2,70.98779876708984
140,GAT,128,4,0.001,16,1000,30,0.5,90.76539672851563
141,GIN,128,4,0.001,32,1000,30,0.2,76.80718658447266
142,GIN,128,4,0.001,32,1000,30,0.5,75.76132019042969
143,GAT,128,4,0.001,32,1000,30,0.2,69.76478942871094
144,GAT,128,4,0.001,32,1000,30,0.5,90.7908251953125
145,GIN,128,5,0.0001,8,1000,30,0.2,194.90693756103516
146,GIN,128,5,0.0001,8,1000,30,0.5,137.10871795654296
147,GAT,128,5,0.0001,8,1000,30,0.2,90.79320739746093
148,GAT,128,5,0.0001,8,1000,30,0.5,90.79902160644531
149,GIN,128,5,0.0001,16,1000,30,0.2,96.78568420410156
150,GIN,128,5,0.0001,16,1000,30,0.5,85.26397399902343
151,GAT,128,5,0.0001,16,1000,30,0.2,90.82610137939453
152,GAT,128,5,0.0001,16,1000,30,0.5,90.89445983886719
153,GIN,128,5,0.0001,32,1000,30,0.2,77.91608612060547
154,GIN,128,5,0.0001,32,1000,30,0.5,78.45235107421875
155,GAT,128,5,0.0001,32,1000,30,0.2,90.82965942382812
156,GAT,128,5,0.0001,32,1000,30,0.5,90.85497467041016
157,GIN,128,5,0.0003,8,1000,30,0.2,140.3957241821289
158,GIN,128,5,0.0003,8,1000,30,0.5,123.93328399658203
159,GAT,128,5,0.0003,8,1000,30,0.2,90.92882537841797
160,GAT,128,5,0.0003,8,1000,30,0.5,90.85462310791016
161,GIN,128,5,0.0003,16,1000,30,0.2,78.13365661621094
162,GIN,128,5,0.0003,16,1000,30,0.5,83.90013275146484
163,GAT,128,5,0.0003,16,1000,30,0.2,90.75859741210938
164,GAT,128,5,0.0003,16,1000,30,0.5,90.83859436035156
165,GIN,128,5,0.0003,32,1000,30,0.2,78.98414825439453
166,GIN,128,5,0.0003,32,1000,30,0.5,76.06634216308593
167,GAT,128,5,0.0003,32,1000,30,0.2,90.80314636230469
168,GAT,128,5,0.0003,32,1000,30,0.5,90.80157531738281
169,GIN,128,5,0.001,8,1000,30,0.2,133.36043884277345
170,GIN,128,5,0.001,8,1000,30,0.5,103.02360015869141
171,GAT,128,5,0.001,8,1000,30,0.2,90.76455871582031
172,GAT,128,5,0.001,8,1000,30,0.5,91.59711944580079
173,GIN,128,5,0.001,16,1000,30,0.2,80.33134429931641
174,GIN,128,5,0.001,16,1000,30,0.5,84.87708282470703
175,GAT,128,5,0.001,16,1000,30,0.2,90.82078216552735
176,GAT,128,5,0.001,16,1000,30,0.5,90.90813659667968
177,GIN,128,5,0.001,32,1000,30,0.2,76.182724609375
178,GIN,128,5,0.001,32,1000,30,0.5,77.56868743896484
179,GAT,128,5,0.001,32,1000,30,0.2,90.82877532958985
180,GAT,128,5,0.001,32,1000,30,0.5,90.80261596679688
181,GIN,128,6,0.0001,8,1000,30,0.2,153.41890991210937
182,GIN,128,6,0.0001,8,1000,30,0.5,202.34497772216798
183,GAT,128,6,0.0001,8,1000,30,0.2,90.79532806396485
184,GAT,128,6,0.0001,8,1000,30,0.5,90.91399963378906
185,GIN,128,6,0.0001,16,1000,30,0.2,98.23577880859375
186,GIN,128,6,0.0001,16,1000,30,0.5,83.60957580566406
187,GAT,128,6,0.0001,16,1000,30,0.2,90.82886657714843
188,GAT,128,6,0.0001,16,1000,30,0.5,90.85818054199218
189,GIN,128,6,0.0001,32,1000,30,0.2,78.18294250488282
190,GIN,128,6,0.0001,32,1000,30,0.5,75.7575146484375
191,GAT,128,6,0.0001,32,1000,30,0.2,90.80125305175781
192,GAT,128,6,0.0001,32,1000,30,0.5,90.84984008789063
193,GIN,128,6,0.0003,8,1000,30,0.2,150.14575378417967
194,GIN,128,6,0.0003,8,1000,30,0.5,218.8886703491211
195,GAT,128,6,0.0003,8,1000,30,0.2,90.82799163818359
196,GAT,128,6,0.0003,8,1000,30,0.5,90.81479583740234
197,GIN,128,6,0.0003,16,1000,30,0.2,89.50010833740234
198,GIN,128,6,0.0003,16,1000,30,0.5,84.39179656982422
199,GAT,128,6,0.0003,16,1000,30,0.2,90.8269677734375
200,GAT,128,6,0.0003,16,1000,30,0.5,90.86454406738281
201,GIN,128,6,0.0003,32,1000,30,0.2,78.91986938476562
202,GIN,128,6,0.0003,32,1000,30,0.5,75.28073699951172
203,GAT,128,6,0.0003,32,1000,30,0.2,90.82879272460937
204,GAT,128,6,0.0003,32,1000,30,0.5,90.79364990234374
205,GIN,128,6,0.001,8,1000,30,0.2,193.93796722412108
206,GIN,128,6,0.001,8,1000,30,0.5,239.610908203125
207,GAT,128,6,0.001,8,1000,30,0.2,90.96987213134766
208,GAT,128,6,0.001,8,1000,30,0.5,91.01255676269531
209,GIN,128,6,0.001,16,1000,30,0.2,90.27019439697266
210,GIN,128,6,0.001,16,1000,30,0.5,91.76809753417969
211,GAT,128,6,0.001,16,1000,30,0.2,90.80162841796874
212,GAT,128,6,0.001,16,1000,30,0.5,90.84706665039063
213,GIN,128,6,0.001,32,1000,30,0.2,76.98192932128906
214,GIN,128,6,0.001,32,1000,30,0.5,74.53615539550782
215,GAT,128,6,0.001,32,1000,30,0.2,90.77009704589844
216,GAT,128,6,0.001,32,1000,30,0.5,90.76818878173827
217,GIN,256,4,0.0001,8,1000,30,0.2,118.52753173828125
218,GIN,256,4,0.0001,8,1000,30,0.5,144.6437661743164
219,GAT,256,4,0.0001,8,1000,30,0.2,90.77651458740235
220,GAT,256,4,0.0001,8,1000,30,0.5,90.93358459472657
221,GIN,256,4,0.0001,16,1000,30,0.2,80.19038940429688
222,GIN,256,4,0.0001,16,1000,30,0.5,78.6966632080078
223,GAT,256,4,0.0001,16,1000,30,0.2,90.7671826171875
224,GAT,256,4,0.0001,16,1000,30,0.5,90.75158325195312
225,GIN,256,4,0.0001,32,1000,30,0.2,75.7056088256836
226,GIN,256,4,0.0001,32,1000,30,0.5,77.4138394165039
227,GAT,256,4,0.0001,32,1000,30,0.2,90.77875671386718
228,GAT,256,4,0.0001,32,1000,30,0.5,90.81633544921876
229,GIN,256,4,0.0003,8,1000,30,0.2,126.95746551513672
230,GIN,256,4,0.0003,8,1000,30,0.5,106.32073822021485
231,GAT,256,4,0.0003,8,1000,30,0.2,90.9056610107422
232,GAT,256,4,0.0003,8,1000,30,0.5,90.86331390380859
233,GIN,256,4,0.0003,16,1000,30,0.2,79.54461975097657
234,GIN,256,4,0.0003,16,1000,30,0.5,80.2721517944336
235,GAT,256,4,0.0003,16,1000,30,0.2,74.44052368164063
236,GAT,256,4,0.0003,16,1000,30,0.5,90.81774597167968
237,GIN,256,4,0.0003,32,1000,30,0.2,77.50515197753906
238,GIN,256,4,0.0003,32,1000,30,0.5,77.18164978027343
239,GAT,256,4,0.0003,32,1000,30,0.2,90.76500427246094
240,GAT,256,4,0.0003,32,1000,30,0.5,90.79634887695312
241,GIN,256,4,0.001,8,1000,30,0.2,95.64001434326173
242,GIN,256,4,0.001,8,1000,30,0.5,97.35603179931641
243,GAT,256,4,0.001,8,1000,30,0.2,90.6160498046875
244,GAT,256,4,0.001,8,1000,30,0.5,92.91991607666016
245,GIN,256,4,0.001,16,1000,30,0.2,79.99429656982421
246,GIN,256,4,0.001,16,1000,30,0.5,80.50173400878906
247,GAT,256,4,0.001,16,1000,30,0.2,91.04075897216796
248,GAT,256,4,0.001,16,1000,30,0.5,93.38521362304688
249,GIN,256,4,0.001,32,1000,30,0.2,75.84370239257812
250,GIN,256,4,0.001,32,1000,30,0.5,76.44545166015625
251,GAT,256,4,0.001,32,1000,30,0.2,84.93720153808594
252,GAT,256,4,0.001,32,1000,30,0.5,90.80587341308593
253,GIN,256,5,0.0001,8,1000,30,0.2,137.6299282836914
254,GIN,256,5,0.0001,8,1000,30,0.5,191.14343200683595
255,GAT,256,5,0.0001,8,1000,30,0.2,90.89973052978516
256,GAT,256,5,0.0001,8,1000,30,0.5,90.93906768798828
257,GIN,256,5,0.0001,16,1000,30,0.2,82.84662292480469
258,GIN,256,5,0.0001,16,1000,30,0.5,88.89386901855468
259,GAT,256,5,0.0001,16,1000,30,0.2,90.75936614990235
260,GAT,256,5,0.0001,16,1000,30,0.5,91.0328125
261,GIN,256,5,0.0001,32,1000,30,0.2,77.38002197265625
262,GIN,256,5,0.0001,32,1000,30,0.5,77.52959075927734
263,GAT,256,5,0.0001,32,1000,30,0.2,90.81150360107422
264,GAT,256,5,0.0001,32,1000,30,0.5,90.91528106689454
265,GIN,256,5,0.0003,8,1000,30,0.2,124.508837890625
266,GIN,256,5,0.0003,8,1000,30,0.5,129.09207946777343
267,GAT,256,5,0.0003,8,1000,30,0.2,90.83497467041016
268,GAT,256,5,0.0003,8,1000,30,0.5,91.12469909667969
269,GIN,256,5,0.0003,16,1000,30,0.2,85.68043548583984
270,GIN,256,5,0.0003,16,1000,30,0.5,80.99021667480469
271,GAT,256,5,0.0003,16,1000,30,0.2,90.82478790283203
272,GAT,256,5,0.0003,16,1000,30,0.5,91.10899536132813
273,GIN,256,5,0.0003,32,1000,30,0.2,78.66837219238282
274,GIN,256,5,0.0003,32,1000,30,0.5,75.63700378417968
275,GAT,256,5,0.0003,32,1000,30,0.2,90.77605407714844
276,GAT,256,5,0.0003,32,1000,30,0.5,90.88406494140625
277,GIN,256,5,0.001,8,1000,30,0.2,157.23892608642578
278,GIN,256,5,0.001,8,1000,30,0.5,139.29677764892577
279,GAT,256,5,0.001,8,1000,30,0.2,95.71727264404296
280,GAT,256,5,0.001,8,1000,30,0.5,94.86145904541016
281,GIN,256,5,0.001,16,1000,30,0.2,78.23761108398438
282,GIN,256,5,0.001,16,1000,30,0.5,76.80108551025391
283,GAT,256,5,0.001,16,1000,30,0.2,91.08392272949219
284,GAT,256,5,0.001,16,1000,30,0.5,93.83041748046875
285,GIN,256,5,0.001,32,1000,30,0.2,76.56078369140624
286,GIN,256,5,0.001,32,1000,30,0.5,77.42681304931641
287,GAT,256,5,0.001,32,1000,30,0.2,90.7873159790039
288,GAT,256,5,0.001,32,1000,30,0.5,91.12938903808593
289,GIN,256,6,0.0001,8,1000,30,0.2,298.319899597168
290,GIN,256,6,0.0001,8,1000,30,0.5,208.6499530029297
291,GAT,256,6,0.0001,8,1000,30,0.2,90.8730044555664
292,GAT,256,6,0.0001,8,1000,30,0.5,90.9980776977539
293,GIN,256,6,0.0001,16,1000,30,0.2,97.20581512451172
294,GIN,256,6,0.0001,16,1000,30,0.5,84.92786010742188
295,GAT,256,6,0.0001,16,1000,30,0.2,90.80573883056641
296,GAT,256,6,0.0001,16,1000,30,0.5,90.84953796386719
297,GIN,256,6,0.0001,32,1000,30,0.2,78.35746215820312
298,GIN,256,6,0.0001,32,1000,30,0.5,79.29582946777344
299,GAT,256,6,0.0001,32,1000,30,0.2,90.8036538696289
300,GAT,256,6,0.0001,32,1000,30,0.5,90.83679016113281
301,GIN,256,6,0.0003,8,1000,30,0.2,165.15815704345704
302,GIN,256,6,0.0003,8,1000,30,0.5,263.65227478027344
303,GAT,256,6,0.0003,8,1000,30,0.2,90.8859619140625
304,GAT,256,6,0.0003,8,1000,30,0.5,91.13025909423828
305,GIN,256,6,0.0003,16,1000,30,0.2,94.14296875
306,GIN,256,6,0.0003,16,1000,30,0.5,83.27193298339844
307,GAT,256,6,0.0003,16,1000,30,0.2,90.85153381347656
308,GAT,256,6,0.0003,16,1000,30,0.5,90.93576110839844
309,GIN,256,6,0.0003,32,1000,30,0.2,77.0948553466797
310,GIN,256,6,0.0003,32,1000,30,0.5,77.73065612792969
311,GAT,256,6,0.0003,32,1000,30,0.2,90.7900177001953
312,GAT,256,6,0.0003,32,1000,30,0.5,90.86011291503907
313,GIN,256,6,0.001,8,1000,30,0.2,185.37085083007813
314,GIN,256,6,0.001,8,1000,30,0.5,161.52949340820314
315,GAT,256,6,0.001,8,1000,30,0.2,91.26906951904297
316,GAT,256,6,0.001,8,1000,30,0.5,101.49508270263672
317,GIN,256,6,0.001,16,1000,30,0.2,82.38286437988282
318,GIN,256,6,0.001,16,1000,30,0.5,91.16110321044921
319,GAT,256,6,0.001,16,1000,30,0.2,90.82535461425782
320,GAT,256,6,0.001,16,1000,30,0.5,91.95290954589844
321,GIN,256,6,0.001,32,1000,30,0.2,79.353896484375
322,GIN,256,6,0.001,32,1000,30,0.5,77.11457672119141
323,GAT,256,6,0.001,32,1000,30,0.2,90.7911572265625
324,GAT,256,6,0.001,32,1000,30,0.5,91.39953430175781
